--
-- PostgreSQL database dump
--

\restrict Ijlm3wpmw6y5wPofoeMG4S03T7kcxjie6y47CDcjZOzsdzHRx5P9w4i0H9FCCKe

-- Dumped from database version 18.3
-- Dumped by pg_dump version 18.3

-- Started on 2026-04-29 09:59:38

SET statement_timeout = 0;
SET lock_timeout = 0;
SET idle_in_transaction_session_timeout = 0;
SET transaction_timeout = 0;
SET client_encoding = 'UTF8';
SET standard_conforming_strings = on;
SELECT pg_catalog.set_config('search_path', '', false);
SET check_function_bodies = false;
SET xmloption = content;
SET client_min_messages = warning;
SET row_security = off;

SET default_tablespace = '';

SET default_table_access_method = heap;

--
-- TOC entry 220 (class 1259 OID 16390)
-- Name: author; Type: TABLE; Schema: public; Owner: postgres
--

CREATE TABLE public.author (
    id_author integer NOT NULL,
    name character varying,
    lastname character varying,
    date_of_birth date,
    email character varying,
    phone_number character varying,
    username character varying,
    password character varying
);


ALTER TABLE public.author OWNER TO postgres;

--
-- TOC entry 219 (class 1259 OID 16389)
-- Name: author_id_author_seq; Type: SEQUENCE; Schema: public; Owner: postgres
--

ALTER TABLE public.author ALTER COLUMN id_author ADD GENERATED BY DEFAULT AS IDENTITY (
    SEQUENCE NAME public.author_id_author_seq
    START WITH 1
    INCREMENT BY 1
    NO MINVALUE
    NO MAXVALUE
    CACHE 1
);


--
-- TOC entry 222 (class 1259 OID 16399)
-- Name: post; Type: TABLE; Schema: public; Owner: postgres
--

CREATE TABLE public.post (
    id_post integer NOT NULL,
    title character varying,
    date date,
    image character varying,
    text text,
    id_author integer
);


ALTER TABLE public.post OWNER TO postgres;

--
-- TOC entry 221 (class 1259 OID 16398)
-- Name: post_id_post_seq; Type: SEQUENCE; Schema: public; Owner: postgres
--

ALTER TABLE public.post ALTER COLUMN id_post ADD GENERATED BY DEFAULT AS IDENTITY (
    SEQUENCE NAME public.post_id_post_seq
    START WITH 1
    INCREMENT BY 1
    NO MINVALUE
    NO MAXVALUE
    CACHE 1
);


--
-- TOC entry 223 (class 1259 OID 24581)
-- Name: session; Type: TABLE; Schema: public; Owner: postgres
--

CREATE TABLE public.session (
    sid character varying NOT NULL,
    sess json NOT NULL,
    expire timestamp(6) without time zone NOT NULL
);


ALTER TABLE public.session OWNER TO postgres;

--
-- TOC entry 5021 (class 0 OID 16390)
-- Dependencies: 220
-- Data for Name: author; Type: TABLE DATA; Schema: public; Owner: postgres
--

COPY public.author (id_author, name, lastname, date_of_birth, email, phone_number, username, password) FROM stdin;
1	Luis Angel	Potro	2005-12-26	A01738862@tec.mx	2214092768	potro	beto
2	Luis Fer	Flores	2005-03-26	A01738347@tec.mx	2226783909	fer	fer
\.


--
-- TOC entry 5023 (class 0 OID 16399)
-- Dependencies: 222
-- Data for Name: post; Type: TABLE DATA; Schema: public; Owner: postgres
--

COPY public.post (id_post, title, date, image, text, id_author) FROM stdin;
1	Willis	2026-03-26	./src/assets/Buho.jpg	El Wilis	1
2	Bubo	2026-03-26	./src/assets/Buho2.jpg	The guy Bubo	2
3	Felipe	2026-03-26	./src/assets/Buho3.jpg	Just Felipe	1
4	Nabs	2005-11-15	./src/assets/Buho4.jpg	Bro	2
5	Gus	2006-02-28	./src/assets/Buho5.jpg	Gustavo	2
6	Owlbert	2026-03-26	./src/assets/Buho6.jpg	Bert	1
7	Rafa	2004-09-02	./src/assets/Buho7.jpg	rRafa	2
8	Mio	2005-12-27	./src/assets/Buho8.jpg	Ana	2
9	Jobs	2004-01-01	./src/assets/Buho9.png	Gio	2
10	Kou	2005-03-26	./src/assets/Buho10.jpg	Fer	2
11	Test1	2026-04-21	/src/assets/uploads/Ciri.png	Primer test	1
\.


--
-- TOC entry 5024 (class 0 OID 24581)
-- Dependencies: 223
-- Data for Name: session; Type: TABLE DATA; Schema: public; Owner: postgres
--

COPY public.session (sid, sess, expire) FROM stdin;
8jTmJSzOOwy8e1rLGyAxPp8eyE3_Z97q	{"cookie":{"originalMaxAge":600000,"expires":"2026-04-25T00:26:37.869Z","secure":false,"httpOnly":true,"path":"/"},"id_author":2}	2026-04-24 18:26:46
qfkNdshDkyGmtWXxEJ8mJ80K3BmtJOOU	{"cookie":{"originalMaxAge":600000,"expires":"2026-04-25T00:42:00.423Z","secure":false,"httpOnly":true,"path":"/"},"id_author":2}	2026-04-24 18:47:05
\.


--
-- TOC entry 5030 (class 0 OID 0)
-- Dependencies: 219
-- Name: author_id_author_seq; Type: SEQUENCE SET; Schema: public; Owner: postgres
--

SELECT pg_catalog.setval('public.author_id_author_seq', 2, true);


--
-- TOC entry 5031 (class 0 OID 0)
-- Dependencies: 221
-- Name: post_id_post_seq; Type: SEQUENCE SET; Schema: public; Owner: postgres
--

SELECT pg_catalog.setval('public.post_id_post_seq', 10, true);


--
-- TOC entry 4866 (class 2606 OID 16397)
-- Name: author author_pkey; Type: CONSTRAINT; Schema: public; Owner: postgres
--

ALTER TABLE ONLY public.author
    ADD CONSTRAINT author_pkey PRIMARY KEY (id_author);


--
-- TOC entry 4868 (class 2606 OID 16406)
-- Name: post post_pkey; Type: CONSTRAINT; Schema: public; Owner: postgres
--

ALTER TABLE ONLY public.post
    ADD CONSTRAINT post_pkey PRIMARY KEY (id_post);


--
-- TOC entry 4871 (class 2606 OID 24590)
-- Name: session session_pkey; Type: CONSTRAINT; Schema: public; Owner: postgres
--

ALTER TABLE ONLY public.session
    ADD CONSTRAINT session_pkey PRIMARY KEY (sid);


--
-- TOC entry 4869 (class 1259 OID 24591)
-- Name: IDX_session_expire; Type: INDEX; Schema: public; Owner: postgres
--

CREATE INDEX "IDX_session_expire" ON public.session USING btree (expire);


--
-- TOC entry 4872 (class 2606 OID 16407)
-- Name: post fk_post_author; Type: FK CONSTRAINT; Schema: public; Owner: postgres
--

ALTER TABLE ONLY public.post
    ADD CONSTRAINT fk_post_author FOREIGN KEY (id_author) REFERENCES public.author(id_author);


-- Completed on 2026-04-29 09:59:39

--
-- PostgreSQL database dump complete
--

\unrestrict Ijlm3wpmw6y5wPofoeMG4S03T7kcxjie6y47CDcjZOzsdzHRx5P9w4i0H9FCCKe

